# MySQL-Front 5.1  (Build 3.35)

/*!40101 SET @OLD_SQL_MODE=@@SQL_MODE */;
/*!40101 SET SQL_MODE='STRICT_TRANS_TABLES,NO_AUTO_CREATE_USER,NO_ENGINE_SUBSTITUTION' */;
/*!40111 SET @OLD_SQL_NOTES=@@SQL_NOTES */;
/*!40103 SET SQL_NOTES='ON' */;
/*!40014 SET @OLD_UNIQUE_CHECKS=@@UNIQUE_CHECKS */;
/*!40014 SET UNIQUE_CHECKS=0 */;
/*!40014 SET @OLD_FOREIGN_KEY_CHECKS=@@FOREIGN_KEY_CHECKS */;
/*!40014 SET FOREIGN_KEY_CHECKS=0 */;


# Host: localhost    Database: tavatar
# ------------------------------------------------------
# Server version 5.0.91-community-nt

#
# Source for table c_group
#

DROP TABLE IF EXISTS `c_group`;
CREATE TABLE `c_group` (
  `id` varchar(32) NOT NULL,
  `name` varchar(32) default NULL,
  `leaderid` varchar(32) default NULL,
  PRIMARY KEY  (`id`),
  KEY `FK_Relationship_8` (`leaderid`)
) ENGINE=InnoDB DEFAULT CHARSET=utf8;

#
# Dumping data for table c_group
#
LOCK TABLES `c_group` WRITE;
/*!40000 ALTER TABLE `c_group` DISABLE KEYS */;

INSERT INTO `c_group` VALUES ('402881013192c3b50131934592c1000d','其他',NULL);
INSERT INTO `c_group` VALUES ('8a95a310376944310137694e6d720009','服务外包','8a95a310376944310137694dd78b0007');
INSERT INTO `c_group` VALUES ('ff8080813771f59f013772139f390009','软件测试','ff8080813771f59f01377201acdc0004');
/*!40000 ALTER TABLE `c_group` ENABLE KEYS */;
UNLOCK TABLES;

#
# Source for table group_user
#

DROP TABLE IF EXISTS `group_user`;
CREATE TABLE `group_user` (
  `id` varchar(32) NOT NULL,
  `userid` varchar(32) NOT NULL,
  `groupid` varchar(32) default NULL,
  PRIMARY KEY  (`id`),
  KEY `FK_Relationship_6` (`userid`),
  KEY `FK_Relationship_7` (`groupid`)
) ENGINE=InnoDB DEFAULT CHARSET=utf8;

#
# Dumping data for table group_user
#
LOCK TABLES `group_user` WRITE;
/*!40000 ALTER TABLE `group_user` DISABLE KEYS */;

INSERT INTO `group_user` VALUES ('402880e538d523e30138d57f3f7f0017','8a95a333378191f50137819be0ca0004','ff8080813771f59f013772139f390009');
INSERT INTO `group_user` VALUES ('402880e538d523e30138d57f3f7f0018','ff8080813771f59f01377201acdc0004','ff8080813771f59f013772139f390009');
INSERT INTO `group_user` VALUES ('402881e6384b782301384ba0157c0002','ff8080813771f59f013772276c500019','402881013192c3b50131934592c1000d');
INSERT INTO `group_user` VALUES ('8a95a333378191f50137819a87b30002','8a95a310376944310137694dd78b0007','8a95a310376944310137694e6d720009');
INSERT INTO `group_user` VALUES ('8a95a333378191f50137819aaaac0003','8a95a310376944310137695630140014','8a95a310376944310137694e6d720009');
INSERT INTO `group_user` VALUES ('ff8080813771f59f013771f86ef40001','4028810131929444013192a1f8b60005','402881013192c3b50131934592c1000d');
INSERT INTO `group_user` VALUES ('ff8080813771f59f0137721da8310010','ff8080813771f59f0137721da821000f','ff8080813771f59f013772139f390009');
/*!40000 ALTER TABLE `group_user` ENABLE KEYS */;
UNLOCK TABLES;

#
# Source for table simplecalendarevent
#

DROP TABLE IF EXISTS `simplecalendarevent`;
CREATE TABLE `simplecalendarevent` (
  `id` varchar(36) NOT NULL default '',
  `headerColor` varchar(10) default NULL,
  `contentColor` varchar(10) default NULL,
  `content` varchar(255) NOT NULL,
  `title` varchar(45) NOT NULL,
  `beginDate` datetime NOT NULL,
  `endDate` datetime NOT NULL,
  `locked` tinyint(1) default NULL,
  `type` varchar(45) default NULL,
  PRIMARY KEY  (`id`)
) ENGINE=InnoDB DEFAULT CHARSET=utf8;

#
# Dumping data for table simplecalendarevent
#
LOCK TABLES `simplecalendarevent` WRITE;
/*!40000 ALTER TABLE `simplecalendarevent` DISABLE KEYS */;

INSERT INTO `simplecalendarevent` VALUES ('3701ac5b3783ca5c013783e217ba0001','#3467CE','#668CD9','开发协作平台已经完善好！','','2012-05-21 18:30:00','2012-05-21 21:30:00',0,'项目');
INSERT INTO `simplecalendarevent` VALUES ('3701ac5b3783ca5c0137849a5169000d','#A32929','#D96666','','','2012-03-03 18:30:00','2012-03-03 21:00:00',0,'会议');
INSERT INTO `simplecalendarevent` VALUES ('3701ac5b3783ca5c0137849a58eb000f','#A32929','#D96666','','','2012-03-05 18:00:00','2012-03-05 20:30:00',0,'会议');
INSERT INTO `simplecalendarevent` VALUES ('3701ac5b3783ca5c0137849a64d10011','#A32929','#D96666','','','2012-03-06 18:00:00','2012-03-06 21:30:00',0,'会议');
INSERT INTO `simplecalendarevent` VALUES ('3701ac5b3783ca5c0137849a7a5d0013','#A32929','#D96666','','','2012-02-25 17:30:00','2012-02-25 20:00:00',0,'会议');
INSERT INTO `simplecalendarevent` VALUES ('3701ac5b3783ca5c0137849a80a60015','#A32929','#D96666','','','2012-02-27 20:00:00','2012-02-27 22:30:00',0,'会议');
INSERT INTO `simplecalendarevent` VALUES ('3701ac5b3783ca5c0137849a88280017','#A32929','#D96666','','','2012-02-28 18:00:00','2012-02-28 21:00:00',0,'会议');
INSERT INTO `simplecalendarevent` VALUES ('3701ac5b3783ca5c0137849a8fe90019','#A32929','#D96666','','','2012-02-29 17:30:00','2012-02-29 20:00:00',0,'会议');
INSERT INTO `simplecalendarevent` VALUES ('3701ac5b3783ca5c0137849a9f98001b','#A32929','#D96666','','','2012-02-19 17:30:00','2012-02-19 20:30:00',0,'会议');
INSERT INTO `simplecalendarevent` VALUES ('3701ac5b3783ca5c0137849aa759001d','#A32929','#D96666','','','2012-02-20 20:00:00','2012-02-20 23:00:00',0,'会议');
INSERT INTO `simplecalendarevent` VALUES ('3701ac5b3783ca5c0137849ab5df001f','#A32929','#D96666','','','2012-02-14 17:30:00','2012-02-14 20:00:00',0,'会议');
INSERT INTO `simplecalendarevent` VALUES ('402880823786973e0137869def070001','#A32929','#D96666','答辩','服务','2012-05-25 18:30:00','2012-05-25 22:00:00',0,'会议');
INSERT INTO `simplecalendarevent` VALUES ('402880e538d523e30138d577827a0001','#A32929','#D96666','视频录制','视频','2012-07-30 17:00:00','2012-07-30 21:00:00',0,'项目');
INSERT INTO `simplecalendarevent` VALUES ('402880e538d523e30138d5783e970004','#3467CE','#668CD9','项目进行相关条例测试','','2012-07-28 16:30:00','2012-07-28 19:30:00',0,'项目');
INSERT INTO `simplecalendarevent` VALUES ('402880e538d523e30138d57955560006','#0D7813','#4CB052','对项目的进度进行探讨及管理','进度探讨','2012-08-02 17:30:00','2012-08-02 21:00:00',0,'会议');
INSERT INTO `simplecalendarevent` VALUES ('402880e538d523e30138d579d7570008','#88880E','#BFBF4D','去现场进行项目的调试','调试','2012-07-31 18:00:00','2012-07-31 20:30:00',0,'会议');
INSERT INTO `simplecalendarevent` VALUES ('402880e538d523e30138d57b1f0a000b','#7A367A','#B373B3','所有实习生在今天下午4点，去会议室进行开会，互相之间进行各项切磋。','实习生会议','2012-08-01 18:30:00','2012-08-01 21:30:00',0,'会议');
INSERT INTO `simplecalendarevent` VALUES ('402880e538d523e30138d57bbdbb000f','#88880E','#BFBF4D','内容比较多','','2012-07-08 16:00:00','2012-07-09 16:00:00',0,'会议');
INSERT INTO `simplecalendarevent` VALUES ('402880e538d523e30138d57ca9f00011','#A32929','#D96666','加班人员通知','','2012-07-16 16:00:00','2012-07-17 16:00:00',0,'出差');
INSERT INTO `simplecalendarevent` VALUES ('402880e538d523e30138d57d33920013','#A32929','#D96666','动员大会','动员大会','2012-07-12 23:30:00','2012-07-13 02:50:00',0,'会议');
INSERT INTO `simplecalendarevent` VALUES ('402880e538d523e30138d57ddf140015','#0D7813','#4CB052','庆功宴','','2012-07-20 16:00:00','2012-07-21 16:00:00',0,'会议');
INSERT INTO `simplecalendarevent` VALUES ('402880e538d523e30138d5809ed10019','#A32929','#D96666','KTV大家放松下心情，公司买单','预祝项目审核通过','2012-08-03 19:00:00','2012-08-03 22:30:00',0,'项目');
INSERT INTO `simplecalendarevent` VALUES ('402880e538d59d260138d5c91cdc0005','#A32929','#D96666','','','2012-07-29 17:00:00','2012-07-29 20:30:00',0,'会议');
INSERT INTO `simplecalendarevent` VALUES ('402880e638ce41540138ce4b4f860001','#A32929','#D96666','','开会','2012-07-22 18:00:00','2012-07-22 22:00:00',0,'会议');
INSERT INTO `simplecalendarevent` VALUES ('402880e638ce41540138ce4b6a900003','#A32929','#D96666','','','2012-07-23 17:00:00','2012-07-23 20:00:00',0,'会议');
INSERT INTO `simplecalendarevent` VALUES ('402880e638ce41540138ce4ba8930006','#A32929','#D96666','紧急会议','','2012-07-10 16:00:00','2012-07-11 16:00:00',0,'会议');
INSERT INTO `simplecalendarevent` VALUES ('402881e5394e0f4001394e3fc8040001','#7A367A','#B373B3','为客户现场演示系统，并进行相关问题得答辩演示','现场答辩','2012-08-22 18:00:00','2012-08-22 22:00:00',0,'会议');
INSERT INTO `simplecalendarevent` VALUES ('402881e5394e0f4001394e40b2b20005','#7A367A','#B373B3','为适应数据库需求，需要采集品牌服务器','采集材料','2012-08-18 19:00:00','2012-08-18 22:30:00',0,'出差');
INSERT INTO `simplecalendarevent` VALUES ('402881ea394e5ab501394eab15220001','#88880E','#BFBF4D','客户经理跟客户进行沟通后，再进行项目解析','项目交流','2012-08-18 18:00:00','2012-08-18 20:30:00',0,'会议');
INSERT INTO `simplecalendarevent` VALUES ('402881ea394e5ab501394eabf2820004','#7A367A','#B373B3','为适应数据库需求，需要采集品牌服务器','采集材料','2012-08-18 23:30:00','2012-08-19 02:30:00',0,'项目');
INSERT INTO `simplecalendarevent` VALUES ('402881ea394e5ab501394ead267e0007','#A32929','#D96666','对于客户提出的需求近分析，给出合理的需求安排','需求分析','2012-08-19 18:00:00','2012-08-19 21:30:00',0,'项目');
INSERT INTO `simplecalendarevent` VALUES ('402881ea394e5ab501394eae1dde000a','#3467CE','#668CD9','关于项目订金的接收，及支付方式与客户进行交流','订金接收','2012-08-20 08:00:00','2012-08-20 11:30:00',0,'项目');
INSERT INTO `simplecalendarevent` VALUES ('402881ea394e5ab501394eaed518000d','#3467CE','#668CD9','前台设计完成了20%，色彩度满足客户需求','前台设计','2012-08-20 18:00:00','2012-08-20 22:00:00',0,'出差');
INSERT INTO `simplecalendarevent` VALUES ('402881ea394e5ab501394eafc5440010','#A32929','#D96666','已经完成10张数据库表，待设计的表还有8张','数据库设计','2012-08-21 02:30:00','2012-08-21 06:00:00',0,'出差');
INSERT INTO `simplecalendarevent` VALUES ('402881ea394e5ab501394eb074ce0013','#88880E','#BFBF4D','后台的框架进行了初步的分析，等待技术总监的审核','后台设计','2012-08-21 10:30:00','2012-08-21 14:00:00',0,'项目');
INSERT INTO `simplecalendarevent` VALUES ('402881ea394e5ab501394eb15c9e0018','#7A367A','#B373B3','为客户现场演示系统，并进行相关问题得答辩演示','现场答辩','2012-08-21 17:30:00','2012-08-21 21:30:00',0,'项目');
INSERT INTO `simplecalendarevent` VALUES ('402881ea394e5ab501394eb2789d001a','#3467CE','#668CD9','通过竞标，赢得A项目的制作权，客户经理需要尽快与客户进行联系','项目竞标','2012-08-22 19:30:00','2012-08-22 23:00:00',0,'项目');
INSERT INTO `simplecalendarevent` VALUES ('402881ea394e5ab501394eb31327001d','#88880E','#BFBF4D','银行管理系统的开发已经进入收尾工作','进度反馈','2012-08-23 03:30:00','2012-08-23 07:30:00',0,'项目');
INSERT INTO `simplecalendarevent` VALUES ('402881ea394e5ab501394eb3d399001f','#0D7813','#4CB052','请B客户联系技术人员进行现场调试工作','现场调试','2012-08-24 07:30:00','2012-08-24 11:00:00',0,'项目');
INSERT INTO `simplecalendarevent` VALUES ('402881ea394e5ab501394eb4c3680023','#3467CE','#668CD9','请C客户对项目进行审核，并进行及时对项目进行评价','项目审核','2012-08-23 23:30:00','2012-08-24 02:30:00',0,'出差');
INSERT INTO `simplecalendarevent` VALUES ('402881ea395067e001395074c1900001','#A32929','#D96666','与客户谈论需求问题','研讨会议','2012-08-23 16:00:00','2012-08-24 16:00:00',0,'会议');
INSERT INTO `simplecalendarevent` VALUES ('402881ea395067e001395076b07f0005','#A32929','#D96666','软件开发文档已经上传至云端，存储地址http://dhy.oops.com','发送文档','2012-08-24 19:00:00','2012-08-24 22:30:00',0,'项目');
INSERT INTO `simplecalendarevent` VALUES ('402881ea395067e001395077a9e30009','#0D7813','#4CB052','到A客户公司进行现场调试','现场调式','2012-08-23 00:30:00','2012-08-23 04:00:00',0,'出差');
INSERT INTO `simplecalendarevent` VALUES ('402881ea395067e00139507b518e000f','#A32929','#D96666','A客户需要从云端下载补丁对开发的银行管理系统进行漏洞维护','后期维护','2012-08-25 16:00:00','2012-08-26 16:00:00',0,'项目');
INSERT INTO `simplecalendarevent` VALUES ('402881ea395067e00139507c3fa70013','#3467CE','#668CD9','根据客户需求，已经初步搭建好后台框架，完成5%的进度','新项目成立','2012-08-27 01:30:00','2012-08-27 05:00:00',0,'项目');
INSERT INTO `simplecalendarevent` VALUES ('402881ea395067e00139507e56cf0019','#0D7813','#4CB052','邀请C客户来公司进行项目的研讨会议，请C客户或代表准时参加','研讨会议','2012-08-27 07:00:00','2012-08-27 10:30:00',0,'会议');
INSERT INTO `simplecalendarevent` VALUES ('402881ea395067e00139507f829d001d','#88880E','#BFBF4D','学生在校考试系统的总进度已经达到90%','进度反馈','2012-08-27 16:00:00','2012-08-28 16:00:00',0,'项目');
INSERT INTO `simplecalendarevent` VALUES ('402881ea395067e001395080eb640021','#7A367A','#B373B3','应客户需求，前台设计已经修改，请客户及时审核','前台设计','2012-08-28 16:00:00','2012-08-29 16:00:00',0,'项目');
INSERT INTO `simplecalendarevent` VALUES ('402881ea395067e0013950830b950029','#7A367A','#B373B3','在线点餐系统，客户端开发已经完成50%','后台开发','2012-08-16 21:00:00','2012-08-17 05:00:00',0,'项目');
INSERT INTO `simplecalendarevent` VALUES ('402881ea395067e001395083c11a002d','#3467CE','#668CD9','数据采集系统，页面设计已经全部完成','项目进度','2012-08-18 01:30:00','2012-08-18 09:30:00',0,'项目');
INSERT INTO `simplecalendarevent` VALUES ('402881ea395067e0013950851b990033','#0D7813','#4CB052','应D客户需求，公司已经派技术人员到现场进行调试','现场调试','2012-08-15 02:00:00','2012-08-15 09:00:00',0,'出差');
INSERT INTO `simplecalendarevent` VALUES ('402881ea395067e001395086d2220039','#A32929','#D96666','请客户尽量参加，已获取更多有用的信息','园区客户例会','2012-08-24 16:00:00','2012-08-25 16:00:00',0,'会议');
INSERT INTO `simplecalendarevent` VALUES ('402881ea395067e0013950890406003d','#A32929','#D96666','应D客户需求，我公司派技术人员指导使用该软件','现场调试','2012-08-28 11:30:00','2012-08-28 16:00:00',0,'出差');
INSERT INTO `simplecalendarevent` VALUES ('402881ea395067e001395089abfe0040','#0D7813','#4CB052','应D客户需求，我公司派技术人员指导使用该软件','现场调试','2012-08-28 01:30:00','2012-08-28 09:30:00',0,'出差');
INSERT INTO `simplecalendarevent` VALUES ('402881ea395067e00139508aacf30044','#88880E','#BFBF4D','对于E客户的需求变更进行研讨，并对项目进行适当更改','研讨会议','2012-08-28 23:00:00','2012-08-29 10:00:00',0,'会议');
INSERT INTO `simplecalendarevent` VALUES ('402881ea395067e00139508ba4340047','#88880E','#BFBF4D','软件园外包协作平台移动客户端开发78%','进度反馈','2012-08-29 16:00:00','2012-08-30 16:00:00',0,'项目');
INSERT INTO `simplecalendarevent` VALUES ('402881ea395067e00139508d398a004b','#3467CE','#668CD9','G客户需要技术指导，已经派技术人员前去现场指导','现场调试','2012-08-15 21:30:00','2012-08-16 04:30:00',0,'出差');
INSERT INTO `simplecalendarevent` VALUES ('402881ea395067e00139508dec21004e','#0D7813','#4CB052','软件架构师已经将后台的框架搭建完成','进度反馈','2012-08-17 19:30:00','2012-08-17 23:30:00',0,'项目');
INSERT INTO `simplecalendarevent` VALUES ('402881ea395067e00139508e86bb0051','#88880E','#BFBF4D','请客户参加园区例会','园区例会','2012-08-14 16:00:00','2012-08-15 16:00:00',0,'会议');
INSERT INTO `simplecalendarevent` VALUES ('402881ea395067e00139508f3a7a0054','#7A367A','#B373B3','学生成绩登记系统，后台开发已经完成30%','进度反馈','2012-08-14 00:30:00','2012-08-14 09:00:00',0,'项目');
INSERT INTO `simplecalendarevent` VALUES ('8a954ef9377dd14001377de26b090001','#0D7813','#4CB052','','','2012-05-24 18:00:00','2012-05-24 21:00:00',0,'会议');
INSERT INTO `simplecalendarevent` VALUES ('8a95a3103769443101376948e2420001','#88880E','#BFBF4D','投标接单项目www.vdisk.cn/down/index/10208621','','2012-05-20 19:28:00','2012-05-20 23:28:00',0,'项目');
INSERT INTO `simplecalendarevent` VALUES ('8a95a310376944310137694941d60003','#3467CE','#668CD9','商议合作问题http://www.vdisk.cn/down/index/10208810','','2012-05-22 17:30:00','2012-05-22 21:00:00',0,'出差');
INSERT INTO `simplecalendarevent` VALUES ('8a95a310376944310137694a63340005','#7A367A','#B373B3','文档云路径：www.vdisk.cn/down/index/10207475','项目预答辩','2012-05-19 21:00:00','2012-05-19 23:00:00',0,'出差');
INSERT INTO `simplecalendarevent` VALUES ('8a95a3103769443101376953a13c0010','#A32929','#D96666','招标很成功，准备成立项目小组。','','2012-05-19 20:00:00','2012-05-19 23:00:00',0,'会议');
INSERT INTO `simplecalendarevent` VALUES ('8a95a3103769443101376954fc570012','#3467CE','#668CD9','成员不必一次性到位，T型分配更合理。小组开了会议，对项目需求更明确了。','','2012-05-20 21:00:00','2012-05-20 23:30:00',0,'会议');
INSERT INTO `simplecalendarevent` VALUES ('8a95a310376944310137695e0c970018','#0D7813','#4CB052','项目已经正式开始，前台页面设计很重要，我们已经完成了一个平台的设计。','','2012-05-21 18:30:00','2012-05-21 22:00:00',0,'会议');
INSERT INTO `simplecalendarevent` VALUES ('8a95a310376944310137695f443d001c','#3467CE','#668CD9','今天加入了两名成员，网页转换了开始了。','','2012-05-22 19:30:00','2012-05-22 22:30:00',0,'会议');
INSERT INTO `simplecalendarevent` VALUES ('8a95a3103769443101376965644a001f','#A32929','#D96666','园区例会。','','2012-05-23 20:30:00','2012-05-24 00:30:00',0,'会议');
INSERT INTO `simplecalendarevent` VALUES ('8a95a3103769443101376967a8010021','#7A367A','#B373B3','今天《教务系统》的竞标成功，将在明天启动小组。','','2012-05-24 19:30:00','2012-05-25',0,'会议');
INSERT INTO `simplecalendarevent` VALUES ('8a95a310376944310137696a4e2a0023','#A32929','#D96666','今天小组来了两名成员。','','2012-04-07 16:00:00','2012-04-08 16:00:00',0,'会议');
INSERT INTO `simplecalendarevent` VALUES ('8a95a310376944310137696aca8e0025','#88880E','#BFBF4D','今天oops放假，大家吃好玩好。','','2012-04-08 16:00:00','2012-04-09 16:00:00',0,'会议');
INSERT INTO `simplecalendarevent` VALUES ('8a95a310376944310137696bb6360027','#3467CE','#668CD9','01项目已经进入了政治收尾阶段，大家在忙着整理个中资料。','','2012-04-09 16:00:00','2012-04-10 16:00:00',0,'会议');
INSERT INTO `simplecalendarevent` VALUES ('8a95a310376944310137696c71390029','#0D7813','#4CB052','03号项目在网页设计中，已经完成了一般。','','2012-04-11 16:00:00','2012-04-12 16:00:00',0,'会议');
INSERT INTO `simplecalendarevent` VALUES ('8a95a310376944310137696cea41002b','#3467CE','#668CD9','明天02项目进行衔接工作。','','2012-04-25 16:00:00','2012-04-26 16:00:00',0,'会议');
INSERT INTO `simplecalendarevent` VALUES ('8a95a310376944310137696d71ff002d','#0D7813','#4CB052','园区例会','','2012-04-15 16:00:00','2012-04-16 16:00:00',0,'会议');
INSERT INTO `simplecalendarevent` VALUES ('8a95a310376944310137696ddc52002f','#0D7813','#4CB052','09项目竞标成功','','2012-05-03 16:00:00','2012-05-04 16:00:00',0,'会议');
INSERT INTO `simplecalendarevent` VALUES ('8a95a310376944310137696e404c0031','#0D7813','#4CB052','01项目客户点评说很满意','','2012-04-23 16:00:00','2012-04-24 16:00:00',0,'会议');
INSERT INTO `simplecalendarevent` VALUES ('8a95a310376944310137696f738c0033','#A32929','#D96666','今天技术总监请假，两名技术骨干还坚守岗位，完成了07项目的网页转换','','2012-04-17 16:00:00','2012-04-18 16:00:00',0,'会议');
INSERT INTO `simplecalendarevent` VALUES ('8a95a310376944310137697037490035','#7A367A','#B373B3','今天竞标到一个后台的项目，03项目。','','2012-04-05 16:00:00','2012-04-06 16:00:00',0,'会议');
INSERT INTO `simplecalendarevent` VALUES ('8a95a3103769443101376970f9420037','#7A367A','#B373B3','后台能力原来越强了。','','2012-05-07 16:00:00','2012-05-08 16:00:00',0,'会议');
INSERT INTO `simplecalendarevent` VALUES ('8a95a31037694431013769719b000039','#A32929','#D96666','后台工作已经完成30%，大家还在加班。','','2012-05-06 16:00:00','2012-05-07 16:00:00',0,'会议');
INSERT INTO `simplecalendarevent` VALUES ('8a95a31037694431013769720051003b','#3467CE','#668CD9','后台完成了，等待审核','','2012-05-15 16:00:00','2012-05-16 16:00:00',0,'会议');
INSERT INTO `simplecalendarevent` VALUES ('8a95a31037694431013769727255003d','#88880E','#BFBF4D','项目进行收尾阶段','','2012-05-31 16:00:00','2012-06-01 16:00:00',0,'会议');
INSERT INTO `simplecalendarevent` VALUES ('8a95a31037694431013769730c91003f','#A32929','#D96666','09项目得到了好评，大家再接再厉','','2012-05-30 16:00:00','2012-05-31 16:00:00',0,'会议');
INSERT INTO `simplecalendarevent` VALUES ('8a95a31037694431013769738bc40041','#0D7813','#4CB052','oops放假，大家玩得开心','','2012-05-26 16:00:00','2012-05-27 16:00:00',0,'会议');
INSERT INTO `simplecalendarevent` VALUES ('8a95a31037694431013769751e0c0043','#A32929','#D96666','不错不错','','2012-07-11 16:00:00','2012-07-12 16:00:00',0,'会议');
INSERT INTO `simplecalendarevent` VALUES ('8a95a310376944310137697544030045','#0D7813','#4CB052','加油加油','','2012-07-16 16:00:00','2012-07-17 16:00:00',0,'会议');
INSERT INTO `simplecalendarevent` VALUES ('8a95a3103769443101376975a34a0047','#88880E','#BFBF4D','今天竞标又赢了','','2012-07-01 16:00:00','2012-07-02 16:00:00',0,'会议');
INSERT INTO `simplecalendarevent` VALUES ('8a95a3103769443101376975d16e0049','#3467CE','#668CD9','今天发工资','','2012-07-26 16:00:00','2012-07-27 16:00:00',0,'会议');
INSERT INTO `simplecalendarevent` VALUES ('8a95a31037694431013769761165004b','#3467CE','#668CD9','oops很强大','','2012-08-07 16:00:00','2012-08-08 16:00:00',0,'会议');
INSERT INTO `simplecalendarevent` VALUES ('8a95a3103769443101376976413f004d','#A32929','#D96666','感谢F客户对软件的评价，01项目得到了好评','','2012-08-16 16:00:00','2012-08-17 16:00:00',0,'会议');
INSERT INTO `simplecalendarevent` VALUES ('8a95a3103769443101376976786c004f','#A32929','#D96666','园区例会','','2012-08-19 16:00:00','2012-08-20 16:00:00',0,'会议');
INSERT INTO `simplecalendarevent` VALUES ('8a95a3103769443101376976ac2e0051','#3467CE','#668CD9','请X客户对公司的项目进行及时评价，让我们更好了解您的需求','项目评价','2012-08-26 16:00:00','2012-08-27 16:00:00',0,'项目');
INSERT INTO `simplecalendarevent` VALUES ('8a95a3103769443101376976cac20053','#A32929','#D96666','发工资啦','','2012-09-11 16:00:00','2012-09-12 16:00:00',0,'会议');
INSERT INTO `simplecalendarevent` VALUES ('8a95a3103769443101376976eba80055','#88880E','#BFBF4D','项目信息','','2012-09-06 16:00:00','2012-09-07 16:00:00',0,'会议');
INSERT INTO `simplecalendarevent` VALUES ('8a95a3103769443101376977121c0057','#0D7813','#4CB052','明天放假','','2012-09-24 16:00:00','2012-09-25 16:00:00',0,'会议');
INSERT INTO `simplecalendarevent` VALUES ('8a95a3103769443101376977335f0059','#0D7813','#4CB052','不错不错','','2012-10-09 16:00:00','2012-10-10 16:00:00',0,'会议');
INSERT INTO `simplecalendarevent` VALUES ('8a95a31037694431013769775cd1005b','#A32929','#D96666','进度很快啊','','2012-10-25 16:00:00','2012-10-26 16:00:00',0,'会议');
INSERT INTO `simplecalendarevent` VALUES ('8a95a310376944310137697797b7005d','#A32929','#D96666','oops好强大啊','','2012-10-27 16:00:00','2012-10-28 16:00:00',0,'会议');
INSERT INTO `simplecalendarevent` VALUES ('8a95a3103769443101376977c743005f','#3467CE','#668CD9','求技术支持啊','','2012-11-22 16:00:00','2012-11-23 16:00:00',0,'会议');
INSERT INTO `simplecalendarevent` VALUES ('8a95a3103769443101376977f2790061','#0D7813','#4CB052','技术总监不在啊','','2012-11-05 16:00:00','2012-11-06 16:00:00',0,'会议');
INSERT INTO `simplecalendarevent` VALUES ('8a95a310376944310137697859fd0063','#88880E','#BFBF4D','创意总监的创意呢','','2012-11-18 16:00:00','2012-11-19 16:00:00',0,'会议');
INSERT INTO `simplecalendarevent` VALUES ('8a95a31037694431013769788bbc0065','#7A367A','#B373B3','发工资啦','','2012-10-31 16:00:00','2012-11-01 16:00:00',0,'会议');
INSERT INTO `simplecalendarevent` VALUES ('8a95a3103769443101376978f6f90067','#A32929','#D96666','又有新成员啦','','2012-11-27 16:00:00','2012-11-28 16:00:00',0,'会议');
INSERT INTO `simplecalendarevent` VALUES ('8a95a3103769443101376979353a0069','#88880E','#BFBF4D','安妮吧项目完成啦','','2012-11-08 16:00:00','2012-11-09 16:00:00',0,'会议');
INSERT INTO `simplecalendarevent` VALUES ('8a95a31a36c529970136c52b8f5e0003','#A32929','#D96666','','','2012-04-15 00:30:00','2012-04-15 05:00:00',0,'会议');
INSERT INTO `simplecalendarevent` VALUES ('8a95a31a36c529970136c52b9dd50005','#3467CE','#668CD9','','','2012-04-16 02:00:00','2012-04-16 06:30:00',0,'会议');
INSERT INTO `simplecalendarevent` VALUES ('8a95a31a36c529970136c52baf690007','#0D7813','#4CB052','','','2012-04-17 00:30:00','2012-04-17 05:00:00',0,'会议');
INSERT INTO `simplecalendarevent` VALUES ('8a95a31a36c529970136c52caee70009','#88880E','#BFBF4D','','','2012-04-18 02:30:00','2012-04-18 06:00:00',0,'会议');
INSERT INTO `simplecalendarevent` VALUES ('8a95a31a36c84fbf0136c8518f7d0001','#A32929','#D96666','','','2012-04-19','2012-04-19 01:30:00',0,'会议');
INSERT INTO `simplecalendarevent` VALUES ('8a95a3333773822c013773c298040005','#7A367A','#B373B3','答辩当天','','2012-05-23 17:00:00','2012-05-23 21:30:00',0,'会议');
INSERT INTO `simplecalendarevent` VALUES ('8a95a3333773822c013773cf6c32000b','#3467CE','#668CD9','','','2012-04-09 16:00:00','2012-04-10 16:00:00',0,'项目');
INSERT INTO `simplecalendarevent` VALUES ('8a95a3333773822c013773cfb88d000d','#0D7813','#4CB052','','','2012-04-15 16:00:00','2012-04-16 16:00:00',0,'项目');
INSERT INTO `simplecalendarevent` VALUES ('8a95a3333773822c013774377418000f','#0D7813','#4CB052','http://www.vdisk.cn/down/index/10219539','','2012-05-23 18:30:00','2012-05-23 21:30:00',0,'会议');
INSERT INTO `simplecalendarevent` VALUES ('8a95a3333773822c013774ab9aa70013','#A32929','#D96666','','','2012-05-19 17:00:00','2012-05-19 20:00:00',0,'会议');
INSERT INTO `simplecalendarevent` VALUES ('8a95a3333778a0ab0137798cf9370001','#0D7813','#4CB052','','','2012-05-21 18:30:00','2012-05-21 21:30:00',0,'会议');
INSERT INTO `simplecalendarevent` VALUES ('8a95a3333778a0ab013779d81a6e0009','#3467CE','#668CD9','','','2012-05-20 17:30:00','2012-05-20 20:30:00',0,'会议');
INSERT INTO `simplecalendarevent` VALUES ('8a95a333377e872401377eac96b60001','#A32929','#D96666','http://www.vdisk.cn/down/index/10229977','','2012-05-24 18:30:00','2012-05-24 21:30:00',0,'会议');
INSERT INTO `simplecalendarevent` VALUES ('8a95a333378191f5013781a8472b0006','#A32929','#D96666','开会','开会','2012-05-08 16:00:00','2012-05-09 16:00:00',0,'会议');
INSERT INTO `simplecalendarevent` VALUES ('8a95a3f0375a240c01375a24cd950001','#A32929','#D96666','wqe','wew','2012-05-14 00:30:00','2012-05-14 06:00:00',0,'会议');
INSERT INTO `simplecalendarevent` VALUES ('8a95a3f0375eec0a01375ef873640001','#A32929','#D96666','sdfsdfs','sdfsdfsd','2012-05-13 00:30:00','2012-05-13 06:00:00',0,'会议');
INSERT INTO `simplecalendarevent` VALUES ('8a95a3f0375eec0a01375ef886ec0003','#3467CE','#668CD9','sdfsdf','','2012-05-14 01:30:00','2012-05-14 08:00:00',0,'会议');
INSERT INTO `simplecalendarevent` VALUES ('8a95a3f0375eec0a01375ef89f650005','#0D7813','#4CB052','sdfsdfsdf','sdfsdf','2012-05-15 00:30:00','2012-05-15 06:00:00',0,'会议');
INSERT INTO `simplecalendarevent` VALUES ('8a95a3f0375eec0a01375f03932b0007','#A32929','#D96666','gfdg','','2012-05-15 02:00:00','2012-05-15 08:00:00',0,'项目');
INSERT INTO `simplecalendarevent` VALUES ('8a95a3f0375eec0a01375f03a8c60009','#3467CE','#668CD9','sdfsd','','2012-05-16','2012-05-16 05:30:00',0,'项目');
INSERT INTO `simplecalendarevent` VALUES ('8a95a3f0375eec0a01375f03b857000b','#3467CE','#668CD9','sdf','dfd','2012-05-17 02:30:00','2012-05-17 08:00:00',0,'项目');
INSERT INTO `simplecalendarevent` VALUES ('8a95a3f0375eec0a01375f03cf0b000d','#3467CE','#668CD9','sdfsd','','2012-05-18','2012-05-18 05:00:00',0,'项目');
INSERT INTO `simplecalendarevent` VALUES ('8a95a3f037644a180137644b131e0001','#A32929','#D96666','','','2012-05-15 03:30:00','2012-05-15 07:00:00',0,'会议');
INSERT INTO `simplecalendarevent` VALUES ('8a95a3f0376472070137650368c00001','#0D7813','#4CB052','','','2012-05-14 01:00:00','2012-05-14 05:00:00',0,'会议');
INSERT INTO `simplecalendarevent` VALUES ('8a95a3f03764720701376503c78a0003','#88880E','#BFBF4D','','','2012-05-16 01:00:00','2012-05-16 04:00:00',0,'会议');
INSERT INTO `simplecalendarevent` VALUES ('8a95a3f03764720701376503f5700005','#7A367A','#B373B3','','','2012-05-17 03:00:00','2012-05-17 06:30:00',0,'会议');
INSERT INTO `simplecalendarevent` VALUES ('8a95a3f0376472070137651354cd000b','#A32929','#D96666','','','2012-06-01','2012-06-02',0,'会议');
INSERT INTO `simplecalendarevent` VALUES ('8a95a3f037647207013765135f9b000d','#A32929','#D96666','','','2012-06-02','2012-06-03',0,'会议');
INSERT INTO `simplecalendarevent` VALUES ('8a95a3f23750524601375053a7210003','#A32929','#D96666','','','2012-05-13','2012-05-13 04:00:00',0,'会议');
INSERT INTO `simplecalendarevent` VALUES ('8a95f5eb3942a01b013942fa8ce00001','#A32929','#D96666','关于项目的计划及相关安排的人员','计划书','2012-08-19 18:30:00','2012-08-19 22:00:00',0,'项目');
INSERT INTO `simplecalendarevent` VALUES ('8a95f5eb3942a01b013942fc1e000003','#A32929','#D96666','对于客户提出的需求进行分析，给出合理的需求安排','需求分析','2012-08-19 19:30:00','2012-08-19 22:30:00',0,'会议');
INSERT INTO `simplecalendarevent` VALUES ('8a95f5eb3942a01b013942fd50750007','#3467CE','#668CD9','根据需求分析，对于人员的安排进行分工安排及合理处理','项目计划','2012-08-20 18:00:00','2012-08-20 21:00:00',0,'项目');
INSERT INTO `simplecalendarevent` VALUES ('8a95f5eb3942a01b013942fde32f000a','#0D7813','#4CB052','客户来公司进行进一步沟通','客户交流','2012-08-20 20:00:00','2012-08-20 23:30:00',0,'项目');
INSERT INTO `simplecalendarevent` VALUES ('8a95f5eb3942a01b013942ff4c26000c','#88880E','#BFBF4D','客户经理跟客户进行沟通后，再进行项目解析','项目交流','2012-08-18 17:00:00','2012-08-18 20:00:00',0,'出差');
INSERT INTO `simplecalendarevent` VALUES ('8a95f5eb3942a01b01394303c99f000e','#7A367A','#B373B3','前台设计完成了20%，色彩度满足客户需求','前台设计','2012-08-21 17:30:00','2012-08-21 21:00:00',0,'项目');
INSERT INTO `simplecalendarevent` VALUES ('8a95f5eb3942a01b01394304e2df0012','#A32929','#D96666','已经完成10张数据库表的设计，待设计的表还有8张。','数据库设计','2012-08-21 19:30:00','2012-08-21 23:00:00',0,'项目');
INSERT INTO `simplecalendarevent` VALUES ('8a95f5eb3942a01b01394306197b0018','#88880E','#BFBF4D','后台的框架进行了初步的分析，等待技术人员进行审核','后台设计','2012-08-21 20:00:00','2012-08-21 22:30:00',0,'项目');
INSERT INTO `simplecalendarevent` VALUES ('8a95f5eb3942a01b01394308cbe9001c','#3467CE','#668CD9','关于项目订金的接受，及支付方式与客户进行交流','订金接收','2012-08-19 23:00:00','2012-08-20 02:00:00',0,'项目');
INSERT INTO `simplecalendarevent` VALUES ('8a95f5eb3942a01b0139430ab990001e','#0D7813','#4CB052','项目进行中......','','2012-08-07 16:00:00','2012-08-08 16:00:00',0,'会议');
INSERT INTO `simplecalendarevent` VALUES ('8a95f5eb3942a01b0139430b877f0022','#A32929','#D96666','项目进行中，完成50%......','项目完成情况','2012-08-15 16:00:00','2012-08-16 16:00:00',0,'项目');
INSERT INTO `simplecalendarevent` VALUES ('8a95f5eb3942a01b0139430bcf460024','#88880E','#BFBF4D','项目进行中，完成度30%','项目完成情况','2012-08-13 16:00:00','2012-08-14 16:00:00',0,'项目');
INSERT INTO `simplecalendarevent` VALUES ('8a95f5eb3942a01b0139430c08570026','#7A367A','#B373B3','项目进行中......','','2012-08-05 16:00:00','2012-08-06 16:00:00',0,'项目');
INSERT INTO `simplecalendarevent` VALUES ('8a95f5eb3942a01b0139430ce068002a','#3467CE','#668CD9','项目进行中......','','2012-08-09 16:00:00','2012-08-10 16:00:00',0,'项目');
INSERT INTO `simplecalendarevent` VALUES ('ff8080813771f59f0137722367710014','#88880E','#BFBF4D','客户意向了解','','2012-05-22 18:00:00','2012-05-22 21:00:00',0,'出差');
INSERT INTO `simplecalendarevent` VALUES ('ff8080813771f59f013772260b390017','#A32929','#D96666','电话会议','','2012-05-21 20:00:00','2012-05-21 23:30:00',0,'会议');
INSERT INTO `simplecalendarevent` VALUES ('ff8080813771f59f01377227eefd001b','#A32929','#D96666','','','2012-05-21 19:30:00','2012-05-21 21:30:00',0,'会议');
INSERT INTO `simplecalendarevent` VALUES ('ff8080813771f59f013772281254001d','#A32929','#D96666','','','2012-05-22 19:30:00','2012-05-22 23:00:00',0,'会议');
INSERT INTO `simplecalendarevent` VALUES ('ff8080813771f59f0137722824f2001f','#3467CE','#668CD9','','','2012-05-23 18:00:00','2012-05-23 22:00:00',0,'会议');
INSERT INTO `simplecalendarevent` VALUES ('ff80808137825a6101378270a4130001','#3467CE','#668CD9','项目发布会','项目','2012-04-29 16:00:00','2012-04-30 16:00:00',0,'会议');
INSERT INTO `simplecalendarevent` VALUES ('ff80808137825a610137827152640003','#0D7813','#4CB052','新产品开发！及相关技术研讨！','','2012-05-01 16:00:00','2012-05-02 16:00:00',0,'项目');
INSERT INTO `simplecalendarevent` VALUES ('ff80808137825a61013782722e4d0005','#7A367A','#B373B3','杭州紫荆校区参加外包比赛！','','2012-05-09 16:00:00','2012-05-10 16:00:00',0,'出差');
INSERT INTO `simplecalendarevent` VALUES ('ff8080813892ffaa0138930254070001','#3467CE','#668CD9','对人才实训平台进行改进，增加了培训公司的导航项功能！','项目进度','2012-07-17 00:30:00','2012-07-17 04:00:00',0,'项目');
INSERT INTO `simplecalendarevent` VALUES ('ff8080813892ffaa01389311a3760003','#A32929','#D96666','学习新知识，在16:30之前将实习生反馈报告发给俞总','学习','2012-07-17 05:00:00','2012-07-17 09:00:00',0,'会议');
INSERT INTO `simplecalendarevent` VALUES ('ff8080813892ffaa01389312b8610005','#A32929','#D96666','待定','待定','2012-08-01 16:00:00','2012-08-02 16:00:00',0,'会议');
/*!40000 ALTER TABLE `simplecalendarevent` ENABLE KEYS */;
UNLOCK TABLES;

#
# Source for table user
#

DROP TABLE IF EXISTS `user`;
CREATE TABLE `user` (
  `id` varchar(32) NOT NULL,
  `number` varchar(10) default NULL,
  `password` varchar(32) default NULL,
  `name` varchar(32) default NULL,
  `phone` varchar(20) default NULL,
  `qq` varchar(20) default NULL,
  `address` varchar(255) default NULL,
  `flag` smallint(6) default NULL,
  PRIMARY KEY  (`id`)
) ENGINE=InnoDB DEFAULT CHARSET=utf8;

#
# Dumping data for table user
#
LOCK TABLES `user` WRITE;
/*!40000 ALTER TABLE `user` DISABLE KEYS */;

INSERT INTO `user` VALUES ('4028810131929444013192a1f8b60005','admin','Qpf0SxOVUjUkWySXOZ16kw==','超级管理员','110','12345','中国浙江',9);
INSERT INTO `user` VALUES ('8a95a310376944310137694dd78b0007','lxl','Qpf0SxOVUjUkWySXOZ16kw==','A','','','',1);
INSERT INTO `user` VALUES ('8a95a310376944310137695630140014','wwy','Qpf0SxOVUjUkWySXOZ16kw==','B','123123','123123','',2);
INSERT INTO `user` VALUES ('8a95a333378191f50137819be0ca0004','dhy_d','Qpf0SxOVUjUkWySXOZ16kw==','新职员','','','',2);
INSERT INTO `user` VALUES ('ff8080813771f59f01377201acdc0004','dhy_j','Qpf0SxOVUjUkWySXOZ16kw==','甲','','','',1);
INSERT INTO `user` VALUES ('ff8080813771f59f0137721da821000f','dhy_y','Qpf0SxOVUjUkWySXOZ16kw==','乙','','','',2);
INSERT INTO `user` VALUES ('ff8080813771f59f013772276c500019','dhy_b','Qpf0SxOVUjUkWySXOZ16kw==','丙','','','',2);
/*!40000 ALTER TABLE `user` ENABLE KEYS */;
UNLOCK TABLES;

#
# Source for table user_task
#

DROP TABLE IF EXISTS `user_task`;
CREATE TABLE `user_task` (
  `id` varchar(32) NOT NULL,
  `userid` varchar(32) NOT NULL,
  `taskid` varchar(32) NOT NULL,
  `c_userid` varchar(32) default NULL,
  PRIMARY KEY  (`id`),
  KEY `FK_Relationship_4` (`userid`),
  KEY `FK_Relationship_5` (`taskid`)
) ENGINE=InnoDB DEFAULT CHARSET=utf8;

#
# Dumping data for table user_task
#
LOCK TABLES `user_task` WRITE;
/*!40000 ALTER TABLE `user_task` DISABLE KEYS */;

INSERT INTO `user_task` VALUES ('3701ac5b3783ca5c013783e218080002','4028810131929444013192a1f8b60005','3701ac5b3783ca5c013783e217ba0001','4028810131929444013192a1f8b60005');
INSERT INTO `user_task` VALUES ('3701ac5b3783ca5c0137849a5169000e','8a95a310376944310137694dd78b0007','3701ac5b3783ca5c0137849a5169000d','8a95a310376944310137694dd78b0007');
INSERT INTO `user_task` VALUES ('3701ac5b3783ca5c0137849a58eb0010','8a95a310376944310137694dd78b0007','3701ac5b3783ca5c0137849a58eb000f','8a95a310376944310137694dd78b0007');
INSERT INTO `user_task` VALUES ('3701ac5b3783ca5c0137849a64d10012','8a95a310376944310137694dd78b0007','3701ac5b3783ca5c0137849a64d10011','8a95a310376944310137694dd78b0007');
INSERT INTO `user_task` VALUES ('3701ac5b3783ca5c0137849a7a5d0014','8a95a310376944310137694dd78b0007','3701ac5b3783ca5c0137849a7a5d0013','8a95a310376944310137694dd78b0007');
INSERT INTO `user_task` VALUES ('3701ac5b3783ca5c0137849a80a60016','8a95a310376944310137694dd78b0007','3701ac5b3783ca5c0137849a80a60015','8a95a310376944310137694dd78b0007');
INSERT INTO `user_task` VALUES ('3701ac5b3783ca5c0137849a88280018','8a95a310376944310137694dd78b0007','3701ac5b3783ca5c0137849a88280017','8a95a310376944310137694dd78b0007');
INSERT INTO `user_task` VALUES ('3701ac5b3783ca5c0137849a8fe9001a','8a95a310376944310137694dd78b0007','3701ac5b3783ca5c0137849a8fe90019','8a95a310376944310137694dd78b0007');
INSERT INTO `user_task` VALUES ('3701ac5b3783ca5c0137849a9f98001c','8a95a310376944310137694dd78b0007','3701ac5b3783ca5c0137849a9f98001b','8a95a310376944310137694dd78b0007');
INSERT INTO `user_task` VALUES ('3701ac5b3783ca5c0137849aa759001e','8a95a310376944310137694dd78b0007','3701ac5b3783ca5c0137849aa759001d','8a95a310376944310137694dd78b0007');
INSERT INTO `user_task` VALUES ('3701ac5b3783ca5c0137849ab5df0020','8a95a310376944310137694dd78b0007','3701ac5b3783ca5c0137849ab5df001f','8a95a310376944310137694dd78b0007');
INSERT INTO `user_task` VALUES ('3701ac5b3783ca5c013784d5320a0021','8a95a310376944310137695630140014','8a95a310376944310137695e0c970018','8a95a310376944310137694dd78b0007');
INSERT INTO `user_task` VALUES ('402880823786973e0137869def460002','4028810131929444013192a1f8b60005','402880823786973e0137869def070001','4028810131929444013192a1f8b60005');
INSERT INTO `user_task` VALUES ('402880e538d523e30138d57782c90003','ff8080813771f59f01377201acdc0004','402880e538d523e30138d577827a0001','ff8080813771f59f01377201acdc0004');
INSERT INTO `user_task` VALUES ('402880e538d523e30138d5783ea60005','ff8080813771f59f01377201acdc0004','402880e538d523e30138d5783e970004','ff8080813771f59f01377201acdc0004');
INSERT INTO `user_task` VALUES ('402880e538d523e30138d57955560007','ff8080813771f59f01377201acdc0004','402880e538d523e30138d57955560006','ff8080813771f59f01377201acdc0004');
INSERT INTO `user_task` VALUES ('402880e538d523e30138d579d7570009','ff8080813771f59f0137721da821000f','402880e538d523e30138d579d7570008','ff8080813771f59f01377201acdc0004');
INSERT INTO `user_task` VALUES ('402880e538d523e30138d579d757000a','ff8080813771f59f01377201acdc0004','402880e538d523e30138d579d7570008','ff8080813771f59f01377201acdc0004');
INSERT INTO `user_task` VALUES ('402880e538d523e30138d57b1f0a000d','ff8080813771f59f01377201acdc0004','402880e538d523e30138d57b1f0a000b','ff8080813771f59f01377201acdc0004');
INSERT INTO `user_task` VALUES ('402880e538d523e30138d57b362c000e','ff8080813771f59f0137721da821000f','402880e538d523e30138d57b1f0a000b','ff8080813771f59f01377201acdc0004');
INSERT INTO `user_task` VALUES ('402880e538d523e30138d57bbdbb0010','ff8080813771f59f01377201acdc0004','402880e538d523e30138d57bbdbb000f','ff8080813771f59f01377201acdc0004');
INSERT INTO `user_task` VALUES ('402880e538d523e30138d57ca9f00012','ff8080813771f59f01377201acdc0004','402880e538d523e30138d57ca9f00011','ff8080813771f59f01377201acdc0004');
INSERT INTO `user_task` VALUES ('402880e538d523e30138d57d33920014','ff8080813771f59f01377201acdc0004','402880e538d523e30138d57d33920013','ff8080813771f59f01377201acdc0004');
INSERT INTO `user_task` VALUES ('402880e538d523e30138d57ddf140016','ff8080813771f59f01377201acdc0004','402880e538d523e30138d57ddf140015','ff8080813771f59f01377201acdc0004');
INSERT INTO `user_task` VALUES ('402880e538d523e30138d5809ee0001a','ff8080813771f59f01377201acdc0004','402880e538d523e30138d5809ed10019','ff8080813771f59f01377201acdc0004');
INSERT INTO `user_task` VALUES ('402880e538d523e30138d581f24b001b','ff8080813771f59f0137721da821000f','402880e538d523e30138d577827a0001','ff8080813771f59f01377201acdc0004');
INSERT INTO `user_task` VALUES ('402880e538d523e30138d581f24b001c','8a95a333378191f50137819be0ca0004','402880e538d523e30138d577827a0001','ff8080813771f59f01377201acdc0004');
INSERT INTO `user_task` VALUES ('402880e538d59d260138d5c91cdc0006','ff8080813771f59f01377201acdc0004','402880e538d59d260138d5c91cdc0005','ff8080813771f59f01377201acdc0004');
INSERT INTO `user_task` VALUES ('402880e538d59d260138d5c91cdc0007','ff8080813771f59f0137721da821000f','402880e538d59d260138d5c91cdc0005','ff8080813771f59f01377201acdc0004');
INSERT INTO `user_task` VALUES ('402880e538d59d260138d5c91cec0008','8a95a333378191f50137819be0ca0004','402880e538d59d260138d5c91cdc0005','ff8080813771f59f01377201acdc0004');
INSERT INTO `user_task` VALUES ('402880e638ce41540138ce4b50220002','ff8080813771f59f01377201acdc0004','402880e638ce41540138ce4b4f860001','ff8080813771f59f01377201acdc0004');
INSERT INTO `user_task` VALUES ('402880e638ce41540138ce4b6a900004','ff8080813771f59f0137721da821000f','402880e638ce41540138ce4b6a900003','ff8080813771f59f01377201acdc0004');
INSERT INTO `user_task` VALUES ('402880e638ce41540138ce4b6a900005','ff8080813771f59f01377201acdc0004','402880e638ce41540138ce4b6a900003','ff8080813771f59f01377201acdc0004');
INSERT INTO `user_task` VALUES ('402880e638ce41540138ce4ba8930007','ff8080813771f59f01377201acdc0004','402880e638ce41540138ce4ba8930006','ff8080813771f59f01377201acdc0004');
INSERT INTO `user_task` VALUES ('402881e5394e0f4001394e3fc8430002','8a95a333378191f50137819be0ca0004','402881e5394e0f4001394e3fc8040001','ff8080813771f59f01377201acdc0004');
INSERT INTO `user_task` VALUES ('402881e5394e0f4001394e3fc8520003','ff8080813771f59f0137721da821000f','402881e5394e0f4001394e3fc8040001','ff8080813771f59f01377201acdc0004');
INSERT INTO `user_task` VALUES ('402881e5394e0f4001394e3fc8520004','ff8080813771f59f01377201acdc0004','402881e5394e0f4001394e3fc8040001','ff8080813771f59f01377201acdc0004');
INSERT INTO `user_task` VALUES ('402881e5394e0f4001394e40b2e10007','ff8080813771f59f01377201acdc0004','402881e5394e0f4001394e40b2b20005','ff8080813771f59f01377201acdc0004');
INSERT INTO `user_task` VALUES ('402881e5394e0f4001394e41170a000a','ff8080813771f59f0137721da821000f','402881e5394e0f4001394e40b2b20005','ff8080813771f59f01377201acdc0004');
INSERT INTO `user_task` VALUES ('402881ea394e5ab501394eab159f0002','8a95a310376944310137694dd78b0007','402881ea394e5ab501394eab15220001','8a95a310376944310137694dd78b0007');
INSERT INTO `user_task` VALUES ('402881ea394e5ab501394eab159f0003','8a95a310376944310137695630140014','402881ea394e5ab501394eab15220001','8a95a310376944310137694dd78b0007');
INSERT INTO `user_task` VALUES ('402881ea394e5ab501394eabf2820005','8a95a310376944310137694dd78b0007','402881ea394e5ab501394eabf2820004','8a95a310376944310137694dd78b0007');
INSERT INTO `user_task` VALUES ('402881ea394e5ab501394eabf2820006','8a95a310376944310137695630140014','402881ea394e5ab501394eabf2820004','8a95a310376944310137694dd78b0007');
INSERT INTO `user_task` VALUES ('402881ea394e5ab501394ead267e0008','8a95a310376944310137694dd78b0007','402881ea394e5ab501394ead267e0007','8a95a310376944310137694dd78b0007');
INSERT INTO `user_task` VALUES ('402881ea394e5ab501394ead26cc0009','8a95a310376944310137695630140014','402881ea394e5ab501394ead267e0007','8a95a310376944310137694dd78b0007');
INSERT INTO `user_task` VALUES ('402881ea394e5ab501394eae1dde000b','8a95a310376944310137694dd78b0007','402881ea394e5ab501394eae1dde000a','8a95a310376944310137694dd78b0007');
INSERT INTO `user_task` VALUES ('402881ea394e5ab501394eae1dde000c','8a95a310376944310137695630140014','402881ea394e5ab501394eae1dde000a','8a95a310376944310137694dd78b0007');
INSERT INTO `user_task` VALUES ('402881ea394e5ab501394eaed518000e','8a95a310376944310137694dd78b0007','402881ea394e5ab501394eaed518000d','8a95a310376944310137694dd78b0007');
INSERT INTO `user_task` VALUES ('402881ea394e5ab501394eaed518000f','8a95a310376944310137695630140014','402881ea394e5ab501394eaed518000d','8a95a310376944310137694dd78b0007');
INSERT INTO `user_task` VALUES ('402881ea394e5ab501394eafc5440011','8a95a310376944310137694dd78b0007','402881ea394e5ab501394eafc5440010','8a95a310376944310137694dd78b0007');
INSERT INTO `user_task` VALUES ('402881ea394e5ab501394eb074ce0014','8a95a310376944310137694dd78b0007','402881ea394e5ab501394eb074ce0013','8a95a310376944310137694dd78b0007');
INSERT INTO `user_task` VALUES ('402881ea394e5ab501394eb0968f0016','8a95a310376944310137695630140014','402881ea394e5ab501394eafc5440010','8a95a310376944310137694dd78b0007');
INSERT INTO `user_task` VALUES ('402881ea394e5ab501394eb0b8dc0017','8a95a310376944310137695630140014','402881ea394e5ab501394eb074ce0013','8a95a310376944310137694dd78b0007');
INSERT INTO `user_task` VALUES ('402881ea394e5ab501394eb15c9e0019','8a95a310376944310137694dd78b0007','402881ea394e5ab501394eb15c9e0018','8a95a310376944310137694dd78b0007');
INSERT INTO `user_task` VALUES ('402881ea394e5ab501394eb2789d001b','8a95a310376944310137694dd78b0007','402881ea394e5ab501394eb2789d001a','8a95a310376944310137694dd78b0007');
INSERT INTO `user_task` VALUES ('402881ea394e5ab501394eb278ac001c','8a95a310376944310137695630140014','402881ea394e5ab501394eb2789d001a','8a95a310376944310137694dd78b0007');
INSERT INTO `user_task` VALUES ('402881ea394e5ab501394eb31327001e','8a95a310376944310137694dd78b0007','402881ea394e5ab501394eb31327001d','8a95a310376944310137694dd78b0007');
INSERT INTO `user_task` VALUES ('402881ea394e5ab501394eb3d3990020','8a95a310376944310137694dd78b0007','402881ea394e5ab501394eb3d399001f','8a95a310376944310137694dd78b0007');
INSERT INTO `user_task` VALUES ('402881ea394e5ab501394eb3f5980022','8a95a310376944310137695630140014','402881ea394e5ab501394eb3d399001f','8a95a310376944310137694dd78b0007');
INSERT INTO `user_task` VALUES ('402881ea394e5ab501394eb4c3680024','8a95a310376944310137694dd78b0007','402881ea394e5ab501394eb4c3680023','8a95a310376944310137694dd78b0007');
INSERT INTO `user_task` VALUES ('402881ea394e5ab501394eb4c3770025','8a95a310376944310137695630140014','402881ea394e5ab501394eb4c3680023','8a95a310376944310137694dd78b0007');
INSERT INTO `user_task` VALUES ('402881ea395067e001395074c1900002','ff8080813771f59f0137721da821000f','402881ea395067e001395074c1900001','ff8080813771f59f01377201acdc0004');
INSERT INTO `user_task` VALUES ('402881ea395067e001395074c19f0003','ff8080813771f59f01377201acdc0004','402881ea395067e001395074c1900001','ff8080813771f59f01377201acdc0004');
INSERT INTO `user_task` VALUES ('402881ea395067e001395074c19f0004','8a95a333378191f50137819be0ca0004','402881ea395067e001395074c1900001','ff8080813771f59f01377201acdc0004');
INSERT INTO `user_task` VALUES ('402881ea395067e001395076b07f0006','ff8080813771f59f0137721da821000f','402881ea395067e001395076b07f0005','ff8080813771f59f01377201acdc0004');
INSERT INTO `user_task` VALUES ('402881ea395067e001395076b07f0007','ff8080813771f59f01377201acdc0004','402881ea395067e001395076b07f0005','ff8080813771f59f01377201acdc0004');
INSERT INTO `user_task` VALUES ('402881ea395067e001395076b08f0008','8a95a333378191f50137819be0ca0004','402881ea395067e001395076b07f0005','ff8080813771f59f01377201acdc0004');
INSERT INTO `user_task` VALUES ('402881ea395067e001395077a9e3000b','ff8080813771f59f01377201acdc0004','402881ea395067e001395077a9e30009','ff8080813771f59f01377201acdc0004');
INSERT INTO `user_task` VALUES ('402881ea395067e001395077e6bd000d','ff8080813771f59f0137721da821000f','402881ea395067e001395077a9e30009','ff8080813771f59f01377201acdc0004');
INSERT INTO `user_task` VALUES ('402881ea395067e001395077e6bd000e','8a95a333378191f50137819be0ca0004','402881ea395067e001395077a9e30009','ff8080813771f59f01377201acdc0004');
INSERT INTO `user_task` VALUES ('402881ea395067e00139507b518e0010','ff8080813771f59f0137721da821000f','402881ea395067e00139507b518e000f','ff8080813771f59f01377201acdc0004');
INSERT INTO `user_task` VALUES ('402881ea395067e00139507b518e0011','ff8080813771f59f01377201acdc0004','402881ea395067e00139507b518e000f','ff8080813771f59f01377201acdc0004');
INSERT INTO `user_task` VALUES ('402881ea395067e00139507b519e0012','8a95a333378191f50137819be0ca0004','402881ea395067e00139507b518e000f','ff8080813771f59f01377201acdc0004');
INSERT INTO `user_task` VALUES ('402881ea395067e00139507c3fa70015','ff8080813771f59f01377201acdc0004','402881ea395067e00139507c3fa70013','ff8080813771f59f01377201acdc0004');
INSERT INTO `user_task` VALUES ('402881ea395067e00139507c5aef0017','ff8080813771f59f0137721da821000f','402881ea395067e00139507c3fa70013','ff8080813771f59f01377201acdc0004');
INSERT INTO `user_task` VALUES ('402881ea395067e00139507c5aef0018','8a95a333378191f50137819be0ca0004','402881ea395067e00139507c3fa70013','ff8080813771f59f01377201acdc0004');
INSERT INTO `user_task` VALUES ('402881ea395067e00139507e56cf001a','ff8080813771f59f0137721da821000f','402881ea395067e00139507e56cf0019','ff8080813771f59f01377201acdc0004');
INSERT INTO `user_task` VALUES ('402881ea395067e00139507e56cf001b','ff8080813771f59f01377201acdc0004','402881ea395067e00139507e56cf0019','ff8080813771f59f01377201acdc0004');
INSERT INTO `user_task` VALUES ('402881ea395067e00139507e56df001c','8a95a333378191f50137819be0ca0004','402881ea395067e00139507e56cf0019','ff8080813771f59f01377201acdc0004');
INSERT INTO `user_task` VALUES ('402881ea395067e00139507f829d001e','ff8080813771f59f0137721da821000f','402881ea395067e00139507f829d001d','ff8080813771f59f01377201acdc0004');
INSERT INTO `user_task` VALUES ('402881ea395067e00139507f829d001f','ff8080813771f59f01377201acdc0004','402881ea395067e00139507f829d001d','ff8080813771f59f01377201acdc0004');
INSERT INTO `user_task` VALUES ('402881ea395067e00139507f82ad0020','8a95a333378191f50137819be0ca0004','402881ea395067e00139507f829d001d','ff8080813771f59f01377201acdc0004');
INSERT INTO `user_task` VALUES ('402881ea395067e001395080eb740022','ff8080813771f59f0137721da821000f','402881ea395067e001395080eb640021','ff8080813771f59f01377201acdc0004');
INSERT INTO `user_task` VALUES ('402881ea395067e001395080eb740023','ff8080813771f59f01377201acdc0004','402881ea395067e001395080eb640021','ff8080813771f59f01377201acdc0004');
INSERT INTO `user_task` VALUES ('402881ea395067e001395080eb740024','8a95a333378191f50137819be0ca0004','402881ea395067e001395080eb640021','ff8080813771f59f01377201acdc0004');
INSERT INTO `user_task` VALUES ('402881ea395067e0013950816d560025','ff8080813771f59f0137721da821000f','8a95f5eb3942a01b0139430bcf460024','ff8080813771f59f01377201acdc0004');
INSERT INTO `user_task` VALUES ('402881ea395067e0013950816d560026','8a95a333378191f50137819be0ca0004','8a95f5eb3942a01b0139430bcf460024','ff8080813771f59f01377201acdc0004');
INSERT INTO `user_task` VALUES ('402881ea395067e001395081d99d0027','8a95a333378191f50137819be0ca0004','8a95f5eb3942a01b0139430b877f0022','ff8080813771f59f01377201acdc0004');
INSERT INTO `user_task` VALUES ('402881ea395067e001395081d99d0028','ff8080813771f59f0137721da821000f','8a95f5eb3942a01b0139430b877f0022','ff8080813771f59f01377201acdc0004');
INSERT INTO `user_task` VALUES ('402881ea395067e0013950830b95002a','ff8080813771f59f0137721da821000f','402881ea395067e0013950830b950029','ff8080813771f59f01377201acdc0004');
INSERT INTO `user_task` VALUES ('402881ea395067e0013950830b95002b','ff8080813771f59f01377201acdc0004','402881ea395067e0013950830b950029','ff8080813771f59f01377201acdc0004');
INSERT INTO `user_task` VALUES ('402881ea395067e0013950830b95002c','8a95a333378191f50137819be0ca0004','402881ea395067e0013950830b950029','ff8080813771f59f01377201acdc0004');
INSERT INTO `user_task` VALUES ('402881ea395067e001395083c11a002f','ff8080813771f59f01377201acdc0004','402881ea395067e001395083c11a002d','ff8080813771f59f01377201acdc0004');
INSERT INTO `user_task` VALUES ('402881ea395067e001395083e3280031','ff8080813771f59f0137721da821000f','402881ea395067e001395083c11a002d','ff8080813771f59f01377201acdc0004');
INSERT INTO `user_task` VALUES ('402881ea395067e001395083e3280032','8a95a333378191f50137819be0ca0004','402881ea395067e001395083c11a002d','ff8080813771f59f01377201acdc0004');
INSERT INTO `user_task` VALUES ('402881ea395067e0013950851b990035','ff8080813771f59f01377201acdc0004','402881ea395067e0013950851b990033','ff8080813771f59f01377201acdc0004');
INSERT INTO `user_task` VALUES ('402881ea395067e00139508537fa0037','ff8080813771f59f0137721da821000f','402881ea395067e0013950851b990033','ff8080813771f59f01377201acdc0004');
INSERT INTO `user_task` VALUES ('402881ea395067e00139508537fa0038','8a95a333378191f50137819be0ca0004','402881ea395067e0013950851b990033','ff8080813771f59f01377201acdc0004');
INSERT INTO `user_task` VALUES ('402881ea395067e001395086d222003a','8a95a310376944310137694dd78b0007','402881ea395067e001395086d2220039','8a95a310376944310137694dd78b0007');
INSERT INTO `user_task` VALUES ('402881ea395067e001395086d222003b','8a95a310376944310137695630140014','402881ea395067e001395086d2220039','8a95a310376944310137694dd78b0007');
INSERT INTO `user_task` VALUES ('402881ea395067e00139508823b8003c','8a95a310376944310137695630140014','8a95a3103769443101376976ac2e0051','8a95a310376944310137694dd78b0007');
INSERT INTO `user_task` VALUES ('402881ea395067e0013950890406003e','8a95a310376944310137694dd78b0007','402881ea395067e0013950890406003d','8a95a310376944310137694dd78b0007');
INSERT INTO `user_task` VALUES ('402881ea395067e0013950890406003f','8a95a310376944310137695630140014','402881ea395067e0013950890406003d','8a95a310376944310137694dd78b0007');
INSERT INTO `user_task` VALUES ('402881ea395067e001395089abfe0041','8a95a310376944310137694dd78b0007','402881ea395067e001395089abfe0040','8a95a310376944310137694dd78b0007');
INSERT INTO `user_task` VALUES ('402881ea395067e001395089c7c40043','8a95a310376944310137695630140014','402881ea395067e001395089abfe0040','8a95a310376944310137694dd78b0007');
INSERT INTO `user_task` VALUES ('402881ea395067e00139508aacf30045','8a95a310376944310137694dd78b0007','402881ea395067e00139508aacf30044','8a95a310376944310137694dd78b0007');
INSERT INTO `user_task` VALUES ('402881ea395067e00139508aacf30046','8a95a310376944310137695630140014','402881ea395067e00139508aacf30044','8a95a310376944310137694dd78b0007');
INSERT INTO `user_task` VALUES ('402881ea395067e00139508ba4340048','8a95a310376944310137694dd78b0007','402881ea395067e00139508ba4340047','8a95a310376944310137694dd78b0007');
INSERT INTO `user_task` VALUES ('402881ea395067e00139508ba4440049','8a95a310376944310137695630140014','402881ea395067e00139508ba4340047','8a95a310376944310137694dd78b0007');
INSERT INTO `user_task` VALUES ('402881ea395067e00139508c3856004a','8a95a310376944310137695630140014','8a95a3103769443101376976413f004d','8a95a310376944310137694dd78b0007');
INSERT INTO `user_task` VALUES ('402881ea395067e00139508d398a004c','8a95a310376944310137694dd78b0007','402881ea395067e00139508d398a004b','8a95a310376944310137694dd78b0007');
INSERT INTO `user_task` VALUES ('402881ea395067e00139508d398a004d','8a95a310376944310137695630140014','402881ea395067e00139508d398a004b','8a95a310376944310137694dd78b0007');
INSERT INTO `user_task` VALUES ('402881ea395067e00139508dec21004f','8a95a310376944310137694dd78b0007','402881ea395067e00139508dec21004e','8a95a310376944310137694dd78b0007');
INSERT INTO `user_task` VALUES ('402881ea395067e00139508dec210050','8a95a310376944310137695630140014','402881ea395067e00139508dec21004e','8a95a310376944310137694dd78b0007');
INSERT INTO `user_task` VALUES ('402881ea395067e00139508e86bb0052','8a95a310376944310137694dd78b0007','402881ea395067e00139508e86bb0051','8a95a310376944310137694dd78b0007');
INSERT INTO `user_task` VALUES ('402881ea395067e00139508e86ca0053','8a95a310376944310137695630140014','402881ea395067e00139508e86bb0051','8a95a310376944310137694dd78b0007');
INSERT INTO `user_task` VALUES ('402881ea395067e00139508f3a7a0055','8a95a310376944310137694dd78b0007','402881ea395067e00139508f3a7a0054','8a95a310376944310137694dd78b0007');
INSERT INTO `user_task` VALUES ('402881ea395067e00139508f3a7a0056','8a95a310376944310137695630140014','402881ea395067e00139508f3a7a0054','8a95a310376944310137694dd78b0007');
INSERT INTO `user_task` VALUES ('8a954ef9377dd14001377de26b480002','ff8080813771f59f01377201acdc0004','8a954ef9377dd14001377de26b090001','ff8080813771f59f01377201acdc0004');
INSERT INTO `user_task` VALUES ('8a954ef9377dd14001377de2895f0003','ff8080813771f59f0137721da821000f','8a954ef9377dd14001377de26b090001','ff8080813771f59f01377201acdc0004');
INSERT INTO `user_task` VALUES ('8a954ef9377dd14001377de2895f0004','ff8080813771f59f013772276c500019','8a954ef9377dd14001377de26b090001','ff8080813771f59f01377201acdc0004');
INSERT INTO `user_task` VALUES ('8a95a3103769443101376948e2610002','4028810131929444013192a1f8b60005','8a95a3103769443101376948e2420001','4028810131929444013192a1f8b60005');
INSERT INTO `user_task` VALUES ('8a95a310376944310137694941d60004','4028810131929444013192a1f8b60005','8a95a310376944310137694941d60003','4028810131929444013192a1f8b60005');
INSERT INTO `user_task` VALUES ('8a95a310376944310137694a63340006','4028810131929444013192a1f8b60005','8a95a310376944310137694a63340005','4028810131929444013192a1f8b60005');
INSERT INTO `user_task` VALUES ('8a95a3103769443101376953a14b0011','8a95a310376944310137694dd78b0007','8a95a3103769443101376953a13c0010','8a95a310376944310137694dd78b0007');
INSERT INTO `user_task` VALUES ('8a95a3103769443101376954fc570013','8a95a310376944310137694dd78b0007','8a95a3103769443101376954fc570012','8a95a310376944310137694dd78b0007');
INSERT INTO `user_task` VALUES ('8a95a310376944310137695e0c970019','8a95a310376944310137694dd78b0007','8a95a310376944310137695e0c970018','8a95a310376944310137694dd78b0007');
INSERT INTO `user_task` VALUES ('8a95a310376944310137695f443d001d','8a95a310376944310137694dd78b0007','8a95a310376944310137695f443d001c','8a95a310376944310137694dd78b0007');
INSERT INTO `user_task` VALUES ('8a95a3103769443101376961ac53001e','8a95a310376944310137695630140014','8a95a3103769443101376954fc570012','8a95a310376944310137694dd78b0007');
INSERT INTO `user_task` VALUES ('8a95a3103769443101376965644a0020','8a95a310376944310137694dd78b0007','8a95a3103769443101376965644a001f','8a95a310376944310137694dd78b0007');
INSERT INTO `user_task` VALUES ('8a95a3103769443101376967a8100022','8a95a310376944310137694dd78b0007','8a95a3103769443101376967a8010021','8a95a310376944310137694dd78b0007');
INSERT INTO `user_task` VALUES ('8a95a310376944310137696a4e2a0024','8a95a310376944310137694dd78b0007','8a95a310376944310137696a4e2a0023','8a95a310376944310137694dd78b0007');
INSERT INTO `user_task` VALUES ('8a95a310376944310137696aca8e0026','8a95a310376944310137694dd78b0007','8a95a310376944310137696aca8e0025','8a95a310376944310137694dd78b0007');
INSERT INTO `user_task` VALUES ('8a95a310376944310137696bb6740028','8a95a310376944310137694dd78b0007','8a95a310376944310137696bb6360027','8a95a310376944310137694dd78b0007');
INSERT INTO `user_task` VALUES ('8a95a310376944310137696c7168002a','8a95a310376944310137694dd78b0007','8a95a310376944310137696c71390029','8a95a310376944310137694dd78b0007');
INSERT INTO `user_task` VALUES ('8a95a310376944310137696cea41002c','8a95a310376944310137694dd78b0007','8a95a310376944310137696cea41002b','8a95a310376944310137694dd78b0007');
INSERT INTO `user_task` VALUES ('8a95a310376944310137696d722e002e','8a95a310376944310137694dd78b0007','8a95a310376944310137696d71ff002d','8a95a310376944310137694dd78b0007');
INSERT INTO `user_task` VALUES ('8a95a310376944310137696ddc520030','8a95a310376944310137694dd78b0007','8a95a310376944310137696ddc52002f','8a95a310376944310137694dd78b0007');
INSERT INTO `user_task` VALUES ('8a95a310376944310137696e407b0032','8a95a310376944310137694dd78b0007','8a95a310376944310137696e404c0031','8a95a310376944310137694dd78b0007');
INSERT INTO `user_task` VALUES ('8a95a310376944310137696f73bb0034','8a95a310376944310137694dd78b0007','8a95a310376944310137696f738c0033','8a95a310376944310137694dd78b0007');
INSERT INTO `user_task` VALUES ('8a95a310376944310137697037490036','8a95a310376944310137694dd78b0007','8a95a310376944310137697037490035','8a95a310376944310137694dd78b0007');
INSERT INTO `user_task` VALUES ('8a95a3103769443101376970f9420038','8a95a310376944310137694dd78b0007','8a95a3103769443101376970f9420037','8a95a310376944310137694dd78b0007');
INSERT INTO `user_task` VALUES ('8a95a31037694431013769719b00003a','8a95a310376944310137694dd78b0007','8a95a31037694431013769719b000039','8a95a310376944310137694dd78b0007');
INSERT INTO `user_task` VALUES ('8a95a31037694431013769720080003c','8a95a310376944310137694dd78b0007','8a95a31037694431013769720051003b','8a95a310376944310137694dd78b0007');
INSERT INTO `user_task` VALUES ('8a95a31037694431013769727255003e','8a95a310376944310137694dd78b0007','8a95a31037694431013769727255003d','8a95a310376944310137694dd78b0007');
INSERT INTO `user_task` VALUES ('8a95a31037694431013769730c910040','8a95a310376944310137694dd78b0007','8a95a31037694431013769730c91003f','8a95a310376944310137694dd78b0007');
INSERT INTO `user_task` VALUES ('8a95a31037694431013769738bc40042','8a95a310376944310137694dd78b0007','8a95a31037694431013769738bc40041','8a95a310376944310137694dd78b0007');
INSERT INTO `user_task` VALUES ('8a95a31037694431013769751e0c0044','8a95a310376944310137694dd78b0007','8a95a31037694431013769751e0c0043','8a95a310376944310137694dd78b0007');
INSERT INTO `user_task` VALUES ('8a95a310376944310137697544030046','8a95a310376944310137694dd78b0007','8a95a310376944310137697544030045','8a95a310376944310137694dd78b0007');
INSERT INTO `user_task` VALUES ('8a95a3103769443101376975a3780048','8a95a310376944310137694dd78b0007','8a95a3103769443101376975a34a0047','8a95a310376944310137694dd78b0007');
INSERT INTO `user_task` VALUES ('8a95a3103769443101376975d16e004a','8a95a310376944310137694dd78b0007','8a95a3103769443101376975d16e0049','8a95a310376944310137694dd78b0007');
INSERT INTO `user_task` VALUES ('8a95a31037694431013769761165004c','8a95a310376944310137694dd78b0007','8a95a31037694431013769761165004b','8a95a310376944310137694dd78b0007');
INSERT INTO `user_task` VALUES ('8a95a3103769443101376976413f004e','8a95a310376944310137694dd78b0007','8a95a3103769443101376976413f004d','8a95a310376944310137694dd78b0007');
INSERT INTO `user_task` VALUES ('8a95a3103769443101376976786c0050','8a95a310376944310137694dd78b0007','8a95a3103769443101376976786c004f','8a95a310376944310137694dd78b0007');
INSERT INTO `user_task` VALUES ('8a95a3103769443101376976ac2e0052','8a95a310376944310137694dd78b0007','8a95a3103769443101376976ac2e0051','8a95a310376944310137694dd78b0007');
INSERT INTO `user_task` VALUES ('8a95a3103769443101376976cac20054','8a95a310376944310137694dd78b0007','8a95a3103769443101376976cac20053','8a95a310376944310137694dd78b0007');
INSERT INTO `user_task` VALUES ('8a95a3103769443101376976eba80056','8a95a310376944310137694dd78b0007','8a95a3103769443101376976eba80055','8a95a310376944310137694dd78b0007');
INSERT INTO `user_task` VALUES ('8a95a3103769443101376977121c0058','8a95a310376944310137694dd78b0007','8a95a3103769443101376977121c0057','8a95a310376944310137694dd78b0007');
INSERT INTO `user_task` VALUES ('8a95a3103769443101376977338e005a','8a95a310376944310137694dd78b0007','8a95a3103769443101376977335f0059','8a95a310376944310137694dd78b0007');
INSERT INTO `user_task` VALUES ('8a95a31037694431013769775cd1005c','8a95a310376944310137694dd78b0007','8a95a31037694431013769775cd1005b','8a95a310376944310137694dd78b0007');
INSERT INTO `user_task` VALUES ('8a95a310376944310137697797b7005e','8a95a310376944310137694dd78b0007','8a95a310376944310137697797b7005d','8a95a310376944310137694dd78b0007');
INSERT INTO `user_task` VALUES ('8a95a3103769443101376977c7720060','8a95a310376944310137694dd78b0007','8a95a3103769443101376977c743005f','8a95a310376944310137694dd78b0007');
INSERT INTO `user_task` VALUES ('8a95a3103769443101376977f2790062','8a95a310376944310137694dd78b0007','8a95a3103769443101376977f2790061','8a95a310376944310137694dd78b0007');
INSERT INTO `user_task` VALUES ('8a95a310376944310137697859fd0064','8a95a310376944310137694dd78b0007','8a95a310376944310137697859fd0063','8a95a310376944310137694dd78b0007');
INSERT INTO `user_task` VALUES ('8a95a31037694431013769788bbc0066','8a95a310376944310137694dd78b0007','8a95a31037694431013769788bbc0065','8a95a310376944310137694dd78b0007');
INSERT INTO `user_task` VALUES ('8a95a3103769443101376978f6f90068','8a95a310376944310137694dd78b0007','8a95a3103769443101376978f6f90067','8a95a310376944310137694dd78b0007');
INSERT INTO `user_task` VALUES ('8a95a3103769443101376979353a006a','8a95a310376944310137694dd78b0007','8a95a3103769443101376979353a0069','8a95a310376944310137694dd78b0007');
INSERT INTO `user_task` VALUES ('8a95a3333773822c013773c298140008','ff8080813771f59f01377201acdc0004','8a95a3333773822c013773c298040005','ff8080813771f59f01377201acdc0004');
INSERT INTO `user_task` VALUES ('8a95a3333773822c013773cf6c32000c','ff8080813771f59f01377201acdc0004','8a95a3333773822c013773cf6c32000b','ff8080813771f59f01377201acdc0004');
INSERT INTO `user_task` VALUES ('8a95a3333773822c013773cfb88d000e','ff8080813771f59f01377201acdc0004','8a95a3333773822c013773cfb88d000d','ff8080813771f59f01377201acdc0004');
INSERT INTO `user_task` VALUES ('8a95a3333773822c0137743774280010','4028810131929444013192a1f8b60005','8a95a3333773822c013774377418000f','4028810131929444013192a1f8b60005');
INSERT INTO `user_task` VALUES ('8a95a3333773822c013774ab9aa70014','ff8080813771f59f013772276c500019','8a95a3333773822c013774ab9aa70013','ff8080813771f59f01377201acdc0004');
INSERT INTO `user_task` VALUES ('8a95a3333773822c013774ab9aa70015','ff8080813771f59f0137721da821000f','8a95a3333773822c013774ab9aa70013','ff8080813771f59f01377201acdc0004');
INSERT INTO `user_task` VALUES ('8a95a3333773822c013774ab9ab70016','ff8080813771f59f01377201acdc0004','8a95a3333773822c013774ab9aa70013','ff8080813771f59f01377201acdc0004');
INSERT INTO `user_task` VALUES ('8a95a3333778a0ab0137798cf9a40004','ff8080813771f59f01377201acdc0004','8a95a3333778a0ab0137798cf9370001','ff8080813771f59f01377201acdc0004');
INSERT INTO `user_task` VALUES ('8a95a3333778a0ab013779d81a6e000a','ff8080813771f59f01377201acdc0004','8a95a3333778a0ab013779d81a6e0009','ff8080813771f59f01377201acdc0004');
INSERT INTO `user_task` VALUES ('8a95a333377d9ff801377da252680001','ff8080813771f59f013772276c500019','8a95a3333778a0ab0137798cf9370001','ff8080813771f59f01377201acdc0004');
INSERT INTO `user_task` VALUES ('8a95a333377d9ff801377da252680002','ff8080813771f59f0137721da821000f','8a95a3333778a0ab0137798cf9370001','ff8080813771f59f01377201acdc0004');
INSERT INTO `user_task` VALUES ('8a95a333377d9ff801377da2e64b0006','ff8080813771f59f013772276c500019','8a95a3333773822c013773c298040005','ff8080813771f59f01377201acdc0004');
INSERT INTO `user_task` VALUES ('8a95a333377d9ff801377da2e64b0007','ff8080813771f59f0137721da821000f','8a95a3333773822c013773c298040005','ff8080813771f59f01377201acdc0004');
INSERT INTO `user_task` VALUES ('8a95a333377d9ff801377da2f7ff0008','ff8080813771f59f0137721da821000f','ff8080813771f59f0137722367710014','ff8080813771f59f01377201acdc0004');
INSERT INTO `user_task` VALUES ('8a95a333377e872401377eac97430002','4028810131929444013192a1f8b60005','8a95a333377e872401377eac96b60001','4028810131929444013192a1f8b60005');
INSERT INTO `user_task` VALUES ('8a95a333378191f5013781a8472b0007','4028810131929444013192a1f8b60005','8a95a333378191f5013781a8472b0006','4028810131929444013192a1f8b60005');
INSERT INTO `user_task` VALUES ('8a95a3f037644a180137644b15500002','4028810131929444013192a1f8b60005','8a95a3f037644a180137644b131e0001','4028810131929444013192a1f8b60005');
INSERT INTO `user_task` VALUES ('8a95a3f03764720701376503693d0002','4028810131929444013192a1f8b60005','8a95a3f0376472070137650368c00001','4028810131929444013192a1f8b60005');
INSERT INTO `user_task` VALUES ('8a95a3f03764720701376503c7c90004','4028810131929444013192a1f8b60005','8a95a3f03764720701376503c78a0003','4028810131929444013192a1f8b60005');
INSERT INTO `user_task` VALUES ('8a95a3f03764720701376503f59f0006','4028810131929444013192a1f8b60005','8a95a3f03764720701376503f5700005','4028810131929444013192a1f8b60005');
INSERT INTO `user_task` VALUES ('8a95a3f03764720701376513550c000c','4028810131929444013192a1f8b60005','8a95a3f0376472070137651354cd000b','4028810131929444013192a1f8b60005');
INSERT INTO `user_task` VALUES ('8a95a3f037647207013765135fca000e','4028810131929444013192a1f8b60005','8a95a3f037647207013765135f9b000d','4028810131929444013192a1f8b60005');
INSERT INTO `user_task` VALUES ('8a95f5eb3942a01b013942fa8d8c0002','4028810131929444013192a1f8b60005','8a95f5eb3942a01b013942fa8ce00001','4028810131929444013192a1f8b60005');
INSERT INTO `user_task` VALUES ('8a95f5eb3942a01b013942fc1e000004','ff8080813771f59f0137721da821000f','8a95f5eb3942a01b013942fc1e000003','ff8080813771f59f01377201acdc0004');
INSERT INTO `user_task` VALUES ('8a95f5eb3942a01b013942fc1e000005','8a95a333378191f50137819be0ca0004','8a95f5eb3942a01b013942fc1e000003','ff8080813771f59f01377201acdc0004');
INSERT INTO `user_task` VALUES ('8a95f5eb3942a01b013942fc1e0f0006','ff8080813771f59f01377201acdc0004','8a95f5eb3942a01b013942fc1e000003','ff8080813771f59f01377201acdc0004');
INSERT INTO `user_task` VALUES ('8a95f5eb3942a01b013942fd50750008','8a95a333378191f50137819be0ca0004','8a95f5eb3942a01b013942fd50750007','ff8080813771f59f01377201acdc0004');
INSERT INTO `user_task` VALUES ('8a95f5eb3942a01b013942fd50850009','ff8080813771f59f01377201acdc0004','8a95f5eb3942a01b013942fd50750007','ff8080813771f59f01377201acdc0004');
INSERT INTO `user_task` VALUES ('8a95f5eb3942a01b013942fde32f000b','ff8080813771f59f01377201acdc0004','8a95f5eb3942a01b013942fde32f000a','ff8080813771f59f01377201acdc0004');
INSERT INTO `user_task` VALUES ('8a95f5eb3942a01b013942ff4c26000d','ff8080813771f59f01377201acdc0004','8a95f5eb3942a01b013942ff4c26000c','ff8080813771f59f01377201acdc0004');
INSERT INTO `user_task` VALUES ('8a95f5eb3942a01b01394303c9af0010','ff8080813771f59f01377201acdc0004','8a95f5eb3942a01b01394303c99f000e','ff8080813771f59f01377201acdc0004');
INSERT INTO `user_task` VALUES ('8a95f5eb3942a01b01394303ff550011','8a95a333378191f50137819be0ca0004','8a95f5eb3942a01b01394303c99f000e','ff8080813771f59f01377201acdc0004');
INSERT INTO `user_task` VALUES ('8a95f5eb3942a01b01394304e2df0015','ff8080813771f59f01377201acdc0004','8a95f5eb3942a01b01394304e2df0012','ff8080813771f59f01377201acdc0004');
INSERT INTO `user_task` VALUES ('8a95f5eb3942a01b01394305173e0016','8a95a333378191f50137819be0ca0004','8a95f5eb3942a01b01394304e2df0012','ff8080813771f59f01377201acdc0004');
INSERT INTO `user_task` VALUES ('8a95f5eb3942a01b01394305173e0017','ff8080813771f59f0137721da821000f','8a95f5eb3942a01b01394304e2df0012','ff8080813771f59f01377201acdc0004');
INSERT INTO `user_task` VALUES ('8a95f5eb3942a01b01394306197b0019','ff8080813771f59f01377201acdc0004','8a95f5eb3942a01b01394306197b0018','ff8080813771f59f01377201acdc0004');
INSERT INTO `user_task` VALUES ('8a95f5eb3942a01b013943073b18001a','ff8080813771f59f0137721da821000f','8a95f5eb3942a01b013942fde32f000a','ff8080813771f59f01377201acdc0004');
INSERT INTO `user_task` VALUES ('8a95f5eb3942a01b013943073b18001b','8a95a333378191f50137819be0ca0004','8a95f5eb3942a01b013942fde32f000a','ff8080813771f59f01377201acdc0004');
INSERT INTO `user_task` VALUES ('8a95f5eb3942a01b01394308cbe9001d','ff8080813771f59f01377201acdc0004','8a95f5eb3942a01b01394308cbe9001c','ff8080813771f59f01377201acdc0004');
INSERT INTO `user_task` VALUES ('8a95f5eb3942a01b0139430ab990001f','ff8080813771f59f01377201acdc0004','8a95f5eb3942a01b0139430ab990001e','ff8080813771f59f01377201acdc0004');
INSERT INTO `user_task` VALUES ('8a95f5eb3942a01b0139430b877f0023','ff8080813771f59f01377201acdc0004','8a95f5eb3942a01b0139430b877f0022','ff8080813771f59f01377201acdc0004');
INSERT INTO `user_task` VALUES ('8a95f5eb3942a01b0139430bcf460025','ff8080813771f59f01377201acdc0004','8a95f5eb3942a01b0139430bcf460024','ff8080813771f59f01377201acdc0004');
INSERT INTO `user_task` VALUES ('8a95f5eb3942a01b0139430c08570027','ff8080813771f59f01377201acdc0004','8a95f5eb3942a01b0139430c08570026','ff8080813771f59f01377201acdc0004');
INSERT INTO `user_task` VALUES ('8a95f5eb3942a01b0139430c42ef0028','ff8080813771f59f0137721da821000f','8a95f5eb3942a01b0139430ab990001e','ff8080813771f59f01377201acdc0004');
INSERT INTO `user_task` VALUES ('8a95f5eb3942a01b0139430c42ef0029','8a95a333378191f50137819be0ca0004','8a95f5eb3942a01b0139430ab990001e','ff8080813771f59f01377201acdc0004');
INSERT INTO `user_task` VALUES ('8a95f5eb3942a01b0139430ce068002b','ff8080813771f59f01377201acdc0004','8a95f5eb3942a01b0139430ce068002a','ff8080813771f59f01377201acdc0004');
INSERT INTO `user_task` VALUES ('ff8080813771f59f0137722367710015','ff8080813771f59f01377201acdc0004','ff8080813771f59f0137722367710014','ff8080813771f59f01377201acdc0004');
INSERT INTO `user_task` VALUES ('ff8080813771f59f013772260b390018','ff8080813771f59f0137721da821000f','ff8080813771f59f013772260b390017','ff8080813771f59f0137721da821000f');
INSERT INTO `user_task` VALUES ('ff8080813771f59f01377227ef0d001c','ff8080813771f59f013772276c500019','ff8080813771f59f01377227eefd001b','ff8080813771f59f013772276c500019');
INSERT INTO `user_task` VALUES ('ff8080813771f59f013772281254001e','ff8080813771f59f013772276c500019','ff8080813771f59f013772281254001d','ff8080813771f59f013772276c500019');
INSERT INTO `user_task` VALUES ('ff8080813771f59f0137722824f20020','ff8080813771f59f013772276c500019','ff8080813771f59f0137722824f2001f','ff8080813771f59f013772276c500019');
INSERT INTO `user_task` VALUES ('ff80808137825a6101378270a4900002','4028810131929444013192a1f8b60005','ff80808137825a6101378270a4130001','4028810131929444013192a1f8b60005');
INSERT INTO `user_task` VALUES ('ff80808137825a610137827152740004','4028810131929444013192a1f8b60005','ff80808137825a610137827152640003','4028810131929444013192a1f8b60005');
INSERT INTO `user_task` VALUES ('ff80808137825a61013782722e4d0006','4028810131929444013192a1f8b60005','ff80808137825a61013782722e4d0005','4028810131929444013192a1f8b60005');
INSERT INTO `user_task` VALUES ('ff8080813892ffaa0138930254840002','8a95a333378191f50137819be0ca0004','ff8080813892ffaa0138930254070001','8a95a333378191f50137819be0ca0004');
INSERT INTO `user_task` VALUES ('ff8080813892ffaa01389311a3760004','8a95a333378191f50137819be0ca0004','ff8080813892ffaa01389311a3760003','8a95a333378191f50137819be0ca0004');
INSERT INTO `user_task` VALUES ('ff8080813892ffaa01389312b8610006','8a95a333378191f50137819be0ca0004','ff8080813892ffaa01389312b8610005','8a95a333378191f50137819be0ca0004');
/*!40000 ALTER TABLE `user_task` ENABLE KEYS */;
UNLOCK TABLES;

#
#  Foreign keys for table c_group
#

ALTER TABLE `c_group`
ADD CONSTRAINT `FK_Relationship_8` FOREIGN KEY (`leaderid`) REFERENCES `user` (`id`);

#
#  Foreign keys for table group_user
#

ALTER TABLE `group_user`
ADD CONSTRAINT `FK_Relationship_6` FOREIGN KEY (`userid`) REFERENCES `user` (`id`),
ADD CONSTRAINT `FK_Relationship_7` FOREIGN KEY (`groupid`) REFERENCES `c_group` (`id`);

#
#  Foreign keys for table user_task
#

ALTER TABLE `user_task`
ADD CONSTRAINT `FK_Relationship_4` FOREIGN KEY (`userid`) REFERENCES `user` (`id`),
ADD CONSTRAINT `FK_Relationship_5` FOREIGN KEY (`taskid`) REFERENCES `simplecalendarevent` (`id`);


/*!40014 SET FOREIGN_KEY_CHECKS=@OLD_FOREIGN_KEY_CHECKS */;
/*!40014 SET UNIQUE_CHECKS=@OLD_UNIQUE_CHECKS */;
/*!40111 SET SQL_NOTES=@OLD_SQL_NOTES */;
/*!40101 SET SQL_MODE=@OLD_SQL_MODE */;
